Brand,Model,Kategori Max Lifting Moment,Rentang Kategori,Year,Quarter,Month,Date,Quantity,Unit Price (USD),Total Value (USD),Importer,Max Lifting Moment asli (tm),Max Lifting Moment dibulatkan (tm),GVW Rekomendasi (ton),Status Verifikasi,Description,Reason
HIAB,HIAB 19000XG,Small,> 8 – 25 tm,2023,,,,1,48707.9,48707.9,PT WAHANA INTI SELARAS,19.0,19,19.0,Terverifikasi — spek resmi,HIAB 19000KG KNUCKLE CRANE BASIC CRANE STATIONARY MOUNTING HYDRAULIC E,Generic description: no model code
HIAB,HIAB 19000XG,Small,> 8 – 25 tm,2023,,,,1,55545.0,55545.0,PT MULTICRANE PERKASA,19.0,19,19.0,Terverifikasi — spek resmi,HIAB 19000KG KNUCKLE CRANE,Generic description: no model code
PALFINGER,PALFINGER PK 36050,Medium,> 25 – 45 tm,2023,,,,1,2000.0,2000.0,PUTRA BANGSINGJA PERKASA,34.5,35,26.0,Terverifikasi — spek resmi,USED CRANE DESIGNED FOR MOUNTING ON ROAD VEHICLE AND PARTS : PALFINGER,Generic description: no model code
PALFINGER,PALFINGER PK 48002,Heavy,> 45 tm,2023,,,,1,2680.0,2680.0,PUTRA BANGSINGJA PERKASA,46.5,47,42.0,Terverifikasi — spek resmi,USED CRANE DESIGNED FOR MOUNTING ON ROAD VEHICLE AND PARTS : PALFINGER,Generic description: no model code
PALFINGER,PALFINGER PK 33002,Medium,> 25 – 45 tm,2023,,,,1,2150.0,2150.0,PUTRA BANGSINGJA PERKASA,31.1,31,24.0,Terverifikasi — spek resmi,USED CRANE DESIGNED FOR MOUNTING ON ROAD VEHICLE AND PARTS : PALFINGER,Generic description: no model code
FASSI,FASSI F155A,Small,> 8 – 25 tm,2023,Q3,8.0,2023-08-29,1,23649.3,23649.3,PT FORESTA TRANSTEK,14.9,15,19.0,Terverifikasi — spek resmi,NEW FASSI HYDRAULIC CRANE C/W STANDARD MOUNTING KIT AND PUMP ONLY BAIK DAN BARU,Generic description: no model code
HIAB,HIAB X-CLX 388,Medium,> 25 – 45 tm,2026,Q2,6.0,2026-06-30,1,6127.93,6127.93,PT WAHANA INTI SELARAS,34.3,34,26.0,Terverifikasi — catatan klasifikasi,HIAB JET GRABBER JG7001 SERIAL NUMBER.: 7001000829~852,Generic description: no model code
HIAB,HIAB X-CLX 388,Medium,> 25 – 45 tm,2024,Q4,11.0,2024-11-21,1,31521.26,31521.26,PT WAHANA INTI SELARAS,34.3,34,26.0,Terverifikasi — catatan klasifikasi,HIAB CRANES WITH ACCESSORIES,Generic description: no model code
HIAB,HIAB X-CLX 388,Medium,> 25 – 45 tm,2024,Q4,11.0,2024-11-21,1,31521.26,31521.26,PT WAHANA INTI SELARAS,34.3,34,26.0,Terverifikasi — catatan klasifikasi,HIAB CRANES WITH ASSESORIES,Generic description: no model code
HIAB,HIAB X-CLX 388,Medium,> 25 – 45 tm,2024,Q4,11.0,2024-11-21,1,24604.95,24604.95,PT WAHANA INTI SELARAS,34.3,34,26.0,Terverifikasi — catatan klasifikasi,HIAB CRANES WITH ACCESSORIES,Generic description: no model code
HIAB,HIAB X-CLX 388,Medium,> 25 – 45 tm,2024,Q4,11.0,2024-11-21,1,43601.17,43601.17,PT WAHANA INTI SELARAS,34.3,34,26.0,Terverifikasi — catatan klasifikasi,HIAB CRANES WITH ASSESORIES,Generic description: no model code
HIAB,HIAB X-CLX 388,Medium,> 25 – 45 tm,2024,Q4,11.0,2024-11-21,1,43601.17,43601.17,PT WAHANA INTI SELARAS,34.3,34,26.0,Terverifikasi — catatan klasifikasi,HIAB CRANES WITH ACCESSORIES,Generic description: no model code
HIAB,HIAB X-CLX 388,Medium,> 25 – 45 tm,2024,Q4,11.0,2024-11-21,1,43601.17,43601.17,PT WAHANA INTI SELARAS,34.3,34,26.0,Terverifikasi — catatan klasifikasi,HIAB CRANE WITH ACCESSORIES,Generic description: no model code
HIAB,HIAB X-CLX 388,Medium,> 25 – 45 tm,2024,Q2,4.0,2024-04-30,1,28244.2,28244.2,PT WAHANA INTI SELARAS,34.3,34,26.0,Terverifikasi — catatan klasifikasi,HIAB CRANES WITH ACCESSPRIES,Generic description: no model code
HIAB,HIAB X-CLX 388,Medium,> 25 – 45 tm,2024,Q2,4.0,2024-04-30,1,21756.4,21756.4,PT WAHANA INTI SELARAS,34.3,34,26.0,Terverifikasi — catatan klasifikasi,HIAB CRANES WITH ACCESSORIES,Generic description: no model code
HIAB,HIAB X-CLX 388,Medium,> 25 – 45 tm,2024,Q2,4.0,2024-04-30,1,21783.0,21783.0,PT WAHANA INTI SELARAS,34.3,34,26.0,Terverifikasi — catatan klasifikasi,HIAB CRANES WITH ACCESSORIES,Generic description: no model code
HIAB,HIAB X-CLX 388,Medium,> 25 – 45 tm,2024,Q2,4.0,2024-04-30,1,28244.2,28244.2,PT WAHANA INTI SELARAS,34.3,34,26.0,Terverifikasi — catatan klasifikasi,HIAB CRANES WITH ACCESSORIES,Generic description: no model code
HIAB,HIAB X-CLX 388,Medium,> 25 – 45 tm,2025,Q3,9.0,2025-09-16,1,25352.24,25352.24,PT WAHANA INTI SELARAS,34.3,34,26.0,Terverifikasi — catatan klasifikasi,HIAB 6000XG KNUCKLE CRANE WITH ACCESSORIES,"Description names HIAB 6000XG, not HIAB X-CLX 388"
